cluster_id,n_trade_areas,avg_total_store_count,center_lat,center_lon,vol_과학·기술,vol_교육,vol_보건의료,vol_부동산,vol_소매,vol_수리·개인,vol_숙박,vol_시설관리·임대,vol_예술·스포츠,vol_음식,dominant_category,label_ko,description_ko
0,428,316.0607476635514,37.54962512972962,126.99416010514402,0,0,0,0,0,0,0,0,0,316.0607476635514,음식,대형 음식 상권,이 군집은 대형 음식 상권 유형입니다. 평균 상점 수는 약 316개입니다.
1,2516,83.37957074721781,37.549587431806415,126.993738178146,0,0,7.452305246422894,10.182432432432432,44.282591414944356,0,3.573529411764706,9.772655007949126,8.116057233704293,0,소매,소형 소매 상권,이 군집은 소형 소매 상권 유형입니다. 평균 상점 수는 약 83개입니다.
2,428,120.73130841121495,37.5496164698515,126.99424075292735,0,0,0,0,0,120.73130841121495,0,0,0,0,수리·개인,중형 수리·개인 상권,이 군집은 중형 수리·개인 상권 유형입니다. 평균 상점 수는 약 121개입니다.
3,428,106.3644859813084,37.54967557080212,126.9941837185011,0,106.3644859813084,0,0,0,0,0,0,0,0,교육,소형 교육 상권,이 군집은 소형 교육 상권 유형입니다. 평균 상점 수는 약 106개입니다.
4,427,220.1592505854801,37.549619896149196,126.99406743060389,220.1592505854801,0,0,0,0,0,0,0,0,0,과학·기술,대형 과학·기술 상권,이 군집은 대형 과학·기술 상권 유형입니다. 평균 상점 수는 약 220개입니다.
